,genres,overview,popularity,title,vote_average,vote_count,wr,year
0,"['Action', 'Thriller', 'Science Fiction', 'Mystery', 'Adventure']","Cobb, a skilled thief who commits corporate espionage by infiltrating the subconscious of his targets is offered a chance to regain his old life as payment for a task considered to be impossible: ""inception"", the implantation of another person's idea into a target's subconscious.",29.108148999999997,Inception,8,14075,7.917588057742396,2010
1,"['Drama', 'Action', 'Crime', 'Thriller']","Batman raises the stakes in his war on crime. With the help of Lt. Jim Gordon and District Attorney Harvey Dent, Batman sets out to dismantle the remaining criminal organizations that plague the streets. The partnership proves to be effective, but they soon find themselves prey to a reign of chaos unleashed by a rising criminal mastermind known to the terrified citizens of Gotham as the Joker.",123.167259,The Dark Knight,8,12269,7.905871457906355,2008
2,"['Adventure', 'Drama', 'Science Fiction']",Interstellar chronicles the adventures of a group of explorers who make use of a newly discovered wormhole to surpass the limitations on human space travel and conquer the vast distances involved in an interstellar voyage.,32.213481,Interstellar,8,11187,7.897107402958818,2014
3,['Drama'],"A ticking-time-bomb insomniac and a slippery soap salesman channel primal male aggression into a shocking new form of therapy. Their concept catches on, with underground ""fight clubs"" forming in every town, until an eccentric gets in the way and ignites an out-of-control spiral toward oblivion.",63.869599,Fight Club,8,9678,7.881752880714441,1999
4,"['Adventure', 'Fantasy', 'Action']","Young hobbit Frodo Baggins, after inheriting a mysterious ring from his uncle Bilbo, must leave his home in order to keep it from falling into the hands of its evil creator. Along the way, a fellowship is formed to protect the ringbearer and make sure that the ring arrives at its final destination: Mt. Doom, the only place where it can be destroyed.",32.070725,The Lord of the Rings: The Fellowship of the Ring,8,8892,7.871786953654775,2001
5,"['Thriller', 'Crime']","A burger-loving hit man, his philosophical partner, a drug-addled gangster's moll and a washed-up boxer converge in this sprawling, comedic crime caper. Their adventures unfurl in three stories that ingeniously trip back and forth in time.",140.95023600000002,Pulp Fiction,8,8670,7.868660493166128,1994
6,"['Drama', 'Crime']","Framed in the 1940s for the double murder of his wife and her lover, upstanding banker Andy Dufresne begins a new life at the Shawshank prison, where he puts his accounting skills to work for an amoral warden. During his long stretch in prison, Dufresne comes to be admired by the other inmates -- including an older prisoner named Red -- for his integrity and unquenchable sense of hope.",51.645403,The Shawshank Redemption,8,8358,7.863999673542359,1994
7,"['Adventure', 'Fantasy', 'Action']","Aragorn is revealed as the heir to the ancient kings as he, Gandalf and the other members of the broken fellowship struggle to save Gondor from Sauron's forces. Meanwhile, Frodo and Sam bring the ring closer to the heart of Mordor, the dark lord's realm.",29.324358,The Lord of the Rings: The Return of the King,8,8226,7.8619266893515505,2003
8,"['Comedy', 'Drama', 'Romance']","A man with a low IQ has accomplished great things in his life and been present during significant historic events - in each case, far exceeding what anyone imagined he could do. Yet, despite all the things he has attained, his one true love eludes him. 'Forrest Gump' is the story of a man who rose above his challenges, and who proved that determination, courage, and love are more important than ability.",48.307194,Forrest Gump,8,8147,7.860655533129522,1994
9,"['Adventure', 'Fantasy', 'Action']","Frodo and Sam are trekking to Mordor to destroy the One Ring of Power while Gimli, Legolas and Aragorn search for the orc-captured Merry and Pippin. All along, nefarious wizard Saruman awaits the Fellowship members at the Orthanc Tower in Isengard.",29.423537,The Lord of the Rings: The Two Towers,8,7641,7.851923855081663,2002
10,"['Adventure', 'Action', 'Science Fiction']",Princess Leia is captured and held hostage by the evil Imperial forces in their effort to take over the galactic Empire. Venturesome Luke Skywalker and dashing captain Han Solo team together with the loveable robot duo R2-D2 and C-3PO to rescue the beautiful princess and restore peace and justice in the Empire.,42.149696999999996,Star Wars,8,6778,7.834204815555245,1977
11,"['Adventure', 'Comedy', 'Science Fiction', 'Family']","Eighties teenager Marty McFly is accidentally sent back in time to 1955, inadvertently disrupting his parents' first meeting and attracting his mother's romantic interest. Marty must repair the damage to history by rekindling his parents' romance and - with the help of his eccentric inventor friend Doc Brown - return to 1985.",25.778509,Back to the Future,8,6239,7.8208129971204,1985
12,"['Drama', 'Crime']","Spanning the years 1945 to 1955, a chronicle of the fictional Italian-American Corleone crime family. When organized crime family patriarch, Vito Corleone barely survives an attempt on his life, his youngest son, Michael steps in to take care of the would-be killers, launching a campaign of bloody revenge.",41.109264,The Godfather,8,6024,7.814847496095451,1972
13,"['Adventure', 'Action', 'Science Fiction']","The epic saga continues as Luke Skywalker, in hopes of defeating the evil Galactic Empire, learns the ways of the Jedi from aging master Yoda. But Darth Vader is more determined than ever to capture Luke. Meanwhile, rebel leader Princess Leia, cocky Han Solo, Chewbacca, and droids C-3PO and R2-D2 are thrown into various stages of capture, betrayal and despair.",19.470959,The Empire Strikes Back,8,5998,7.814099056247579,1980
14,"['Crime', 'Mystery', 'Thriller']","Two homicide detectives are on a desperate hunt for a serial killer whose crimes are based on the ""seven deadly sins"" in this dark and haunting film that takes viewers from the tortured remains of one victim to the next. The seasoned Det. Sommerset researches each sin in an effort to get inside the killer's mind, while his novice partner, Mills, scoffs at his efforts to unravel the case.",18.45743,Se7en,8,5915,7.81166878717663,1995
15,"['History', 'Drama', 'Thriller', 'War']","Based on the real life story of legendary cryptanalyst Alan Turing, the film portrays the nail-biting race against time by Turing and his brilliant team of code-breakers at Britain's top-secret Government Code and Cypher School at Bletchley Park, during the darkest days of World War II.",31.595940000000002,The Imitation Game,8,5895,7.811073649831636,2014
16,"['Family', 'Animation', 'Drama']",A young lion cub named Simba can't wait to be king. But his uncle craves the title for himself and will stop at nothing to get it.,21.605760999999998,The Lion King,8,5520,7.799174526332621,1994
17,"['Drama', 'Comedy']",A true story of two men who should never have met – a quadriplegic aristocrat who was injured in a paragliding accident and a young man from the projects.,16.086919,The Intouchables,8,5410,7.7953944438371705,2011
18,"['Comedy', 'Drama']","The Grand Budapest Hotel tells of a legendary concierge at a famous European hotel between the wars and his friendship with a young employee who becomes his trusted protégé. The story involves the theft and recovery of a priceless Renaissance painting, the battle for an enormous family fortune and the slow and then sudden upheavals that transformed Europe during the first half of the 20th century.",14.442048000000002,The Grand Budapest Hotel,8,4644,7.764530352458532,2014
19,"['Crime', 'Drama', 'Thriller']","FBI trainee, Clarice Starling ventures into a maximum-security asylum to pick the diseased brain of Hannibal Lecter, a psychiatrist turned homicidal cannibal. Starling needs clues to help her capture a serial killer. but her Faustian relationship with Lecter soon leads to his escape, and now two deranged killers are on the loose.",4.307222,The Silence of the Lambs,8,4549,7.760041165921017,1991
20,"['Drama', 'Mystery', 'Thriller']","A mysterious story of two magicians whose intense rivalry leads them on a life-long battle for supremacy -- full of obsession, deceit and jealousy with dangerous and deadly consequences.",16.94556,The Prestige,8,4510,7.758148286768694,2006
21,"['Drama', 'History', 'War']",The true story of how businessman Oskar Schindler saved over a thousand Jewish lives from the Nazis while they worked as slaves in his factory during World War II.,41.725122999999996,Schindler's List,8,4436,7.754473332604605,1993
22,['Drama'],"Under the direction of a ruthless instructor, a talented young drummer begins to pursue perfection at any cost, even his humanity.",64.29999000000001,Whiplash,8,4376,7.7514106298928125,2014
23,"['Thriller', 'Crime', 'Drama']","Leon, the top hit man in New York, has earned a rep as an effective ""cleaner"". But when his next-door neighbors are wiped out by a loose-cannon DEA agent, he becomes the unwilling custodian of 12-year-old Mathilda. Before long, Mathilda's thoughts turn to revenge, and she considers following in Leon's footsteps.",20.477329,Leon: The Professional,8,4293,7.747045722399921,1994
24,"['Mystery', 'Thriller']","Suffering short-term memory loss after a head injury, Leonard Shelby embarks on a grim quest to find the lowlife who murdered his wife in this gritty, complex thriller that packs more knots than a hangman's noose. To carry out his plan, Shelby snaps Polaroids of people and places, jotting down contextual notes on the backs of photos to aid in his search and jog his memory. He even tattoos his own body in a desperate bid to remember.",15.450789000000002,Memento,8,4168,7.7401749521478544,2000
25,"['Fantasy', 'Drama', 'Crime']","A supernatural tale set on death row in a Southern prison, where gentle giant John Coffey possesses the mysterious power to heal people's ailments. When the cellblock's head guard, Paul Edgecomb, recognizes Coffey's miraculous gift, he tries desperately to help stave off the condemned man's execution.",19.96678,The Green Mile,8,4166,7.740061984735744,1999
26,"['Fantasy', 'Adventure', 'Animation', 'Family']",A ten year old girl who wanders away from her parents along a path that leads to a world ruled by strange and unusual monster-like animals. Her parents have been changed into pigs along with others inside a bathhouse full of these creatures. Will she ever see the world how it once was?,41.048867,Spirited Away,8,3968,7.728370088547121,2001
27,"['Horror', 'Thriller']","Jack Torrance accepts a caretaker job at the Overlook Hotel, where he, along with his wife Wendy and their son Danny, must live isolated from the rest of the world for the winter. But they aren't prepared for the madness that lurks within.",19.611589000000002,The Shining,8,3890,7.723470196527388,1980
28,"['Crime', 'Thriller']","A botched robbery indicates a police informant, and the pressure mounts in the aftermath at a warehouse. Crime begets violence as the survivors -- veteran Mr. White, newcomer Mr. Orange, psychopathic parolee Mr. Blonde, bickering weasel Mr. Pink and Nice Guy Eddie -- unravel.",12.22034,Reservoir Dogs,8,3821,7.718985929444048,1992
29,"['Comedy', 'Drama']",A touching story of an Italian book seller of Jewish ancestry who lives in his own little fairy tale. His creative and happy life would come to an abrupt halt when his entire family is deported to a concentration camp during World War II. While locked up he tries to convince his son that the whole thing is just a game.,39.39497,Life Is Beautiful,8,3643,7.706716980570131,1997
30,"['Science Fiction', 'Drama']","Demonic gang-leader Alex goes on the spree of rape, mugging and murder with his pack of ""droogs"". But he's a boy who also likes Beethoven's Ninth and a bit of ""the old in-out, in-out"". He later finds himself at the mercy of the state and its brainwashing experiment designed to take violence off the streets.",17.112594,A Clockwork Orange,8,3432,7.690710069783866,1971
31,"['Drama', 'Crime']","In the continuing saga of the Corleone crime family, a young Vito Corleone grows up in Sicily and in 1910s New York. In the 1950s, Michael Corleone attempts to expand the family business into Las Vegas, Hollywood and Cuba.",36.629307,The Godfather: Part II,8,3418,7.689585963080069,1974
32,"['Drama', 'Crime', 'Thriller']","Held in an L.A. interrogation room, Verbal Kint attempts to convince the feds that a mythic crime lord, Keyser Soze, not only exists, but was also responsible for drawing him and his four partners into a multi-million dollar heist that ended with an explosion in San Pedro harbor – leaving few survivors. Verbal lures his interrogators with an incredible story of the crime lord's almost supernatural prowess.",16.302466,The Usual Suspects,8,3334,7.682665904932172,1995
33,"['Drama', 'Crime']","The true story of Henry Hill, a half-Irish, half-Sicilian Brooklyn kid who is adopted by neighbourhood gangsters at an early age and climbs the ranks of a Mafia family under the guidance of Jimmy Conway.",15.424092000000002,GoodFellas,8,3211,7.671957511600666,1990
34,['Drama'],"Derek Vineyard is paroled after serving 3 years in prison for killing two thugs who tried to break into/steal his truck. Through his brother, Danny Vineyard's narration, we learn that before going to prison, Derek was a skinhead and the leader of a violent white supremacist gang that committed acts of racial crime throughout L.A. and his actions greatly influenced Danny. Reformed and fresh out of prison, Derek severs contact with the gang and becomes determined to keep Danny from going down the same violent path as he did.",18.157166,American History X,8,3120,7.6635579993765965,1998
35,"['Action', 'Crime', 'Drama', 'Thriller']","After getting a green card in exchange for assassinating a Cuban government official, Tony Montana stakes a claim on the drug trade in Miami. Viciously murdering anyone who stands in his way, Tony eventually becomes the biggest drug lord in the state, controlling nearly all the cocaine that comes through Miami. But increased pressure from the police, wars with Colombian drug cartels and his own drug-fueled paranoia serve to fuel the flames of his eventual downfall.",11.299673,Scarface,8,3017,7.653516409673841,1983
36,['Drama'],"While serving time for insanity at a state mental hospital, implacable rabble-rouser, Randle Patrick McMurphy inspires his fellow patients to rebel against the authoritarian rule of head nurse, Mildred Ratched.",35.529554,One Flew Over the Cuckoo's Nest,8,3001,7.651902512309877,1975
37,"['Drama', 'Thriller']",Jack is a young boy of 5 years old who has lived all his life in one room. He believes everything within it are the only real things in the world. But what will happen when his Ma suddenly tells him that there are other things outside of Room?,12.443291,Room,8,2838,7.634561469983015,2015
38,['Drama'],"At an elite, old-fashioned boarding school in New England, a passionate English teacher inspires his students to rebel against convention and seize the potential of every day, courting the disdain of the stern headmaster.",19.905716,Dead Poets Society,8,2786,7.628659978193921,1989
39,"['Crime', 'Drama']","A mentally unstable Vietnam War veteran works as a night-time taxi driver in New York City where the perceived decadence and sleaze feeds his urge for violent action, attempting to save a preadolescent prostitute in the process.",14.092713,Taxi Driver,8,2632,7.61000819627672,1976
40,"['Drama', 'Horror', 'Thriller']","When larcenous real estate clerk Marion Crane goes on the lam with a wad of cash and hopes of starting a new life, she ends up at the notorious Bates Motel, where manager Norman Bates cares for his housebound mother. The place seems quirky, but fine… until Marion decides to take a shower.",36.826309,Psycho,8,2405,7.578825336310119,1960
41,['Western'],"While the Civil War rages between the Union and the Confederacy, three men – a quiet loner, a ruthless hit man and a Mexican bandit – comb the American Southwest in search of a strongbox containing $200,000 in stolen gold.",16.788787,"The Good, the Bad and the Ugly",8,2371,7.573720188871453,1966
42,['Drama'],"The defense and the prosecution have rested and the jury is filing into the jury room to decide if a young Spanish-American is guilty or innocent of murdering his father. What begins as an open and shut case soon becomes a mini-drama of each of the jurors' prejudices and preconceptions about the trial, the accused, and each other.",16.503959,12 Angry Men,8,2130,7.533652546717795,1957
43,"['Drama', 'War']","At the height of the Vietnam war, Captain Benjamin Willard is sent on a dangerous mission that, officially, ""does not exist, nor will it ever exist."" His goal is to locate - and eliminate - a mysterious Green Beret Colonel named Walter Kurtz, who has been leading his personal army on illegal guerrilla missions into enemy territory.",13.5963,Apocalypse Now,8,2112,7.530355510520199,1979
44,"['Fantasy', 'Animation', 'Adventure']","When Sophie, a shy young woman, is cursed with an old body by a spiteful witch, her only chance of breaking the spell lies with a self-indulgent yet insecure young wizard and his companions in his legged, walking home.",16.136048000000002,Howl's Moving Castle,8,2049,7.518439440106494,2004
45,"['Adventure', 'Fantasy', 'Animation']","Ashitaka, a prince of the disappearing Ainu tribe, is cursed by a demonized boar god and must journey to the west to find a cure. Along the way, he encounters San, a young human woman fighting to protect the forest, and Lady Eboshi, who is trying to destroy it. Ashitaka must find a way to bring balance to this conflict.",17.166725,Princess Mononoke,8,2041,7.5168828807209795,1997
46,"['Comedy', 'Drama', 'Romance']","Raj is a rich, carefree, happy-go-lucky second generation NRI. Simran is the daughter of Chaudhary Baldev Singh, who in spite of being an NRI is very strict about adherence to Indian values. Simran has left for India to be married to her childhood fiancé. Raj leaves for India with a mission at his hands, to claim his lady love under the noses of her whole family. Thus begins a saga.",34.457024,Dilwale Dulhania Le Jayenge,9,661,7.511675917611347,1995
47,"['Drama', 'Thriller', 'Mystery', 'Action']","With no clue how he came to be imprisoned, drugged and tortured for 15 years, a desperate businessman seeks revenge on his captors.",10.616859,Oldboy,8,2000,7.508744917742163,2003
48,"['Drama', 'War']",The Pianist is a film adapted from the biography of Wladyslaw Szpilman. A Jewish-Polish pianist who during the second world war lived and hid miraculously in Warsaw after having gone through a terrible tragedy. A film from Roman Polanski.,14.811594,The Pianist,8,1927,7.4935557517087785,2002
49,"['Drama', 'Crime']","Cidade de Deus is a shantytown that started during the 1960s and became one of Rio de Janeiro’s most dangerous places in the beginning of the 1980s. To tell the story of this place, the movie describes the life of various characters, all seen by the point of view of the narrator, Buscapé. Buscapé was raised in a very violent environment. Despite the feeling that all odds were against him, he finds out that life can be seen with other eyes: The eyes of an artist. By accident, he becomes a professional photographer, gaining his freedom.",14.959270000000002,City of God,8,1852,7.47694012676484,2002
50,"['Fantasy', 'Animation', 'Family']","Two sisters move to the country with their father in order to be closer to their hospitalized mother, and discover the surrounding trees are inhabited by Totoros, magical spirits of the forest. When the youngest runs away from home, the older sister seeks help from the spirits to find her.",13.507299,My Neighbor Totoro,8,1730,7.447451538717387,1988
51,['Drama'],"A five-year-old Indian boy gets lost on the streets of Calcutta, thousands of kilometers from home. He survives many challenges before being adopted by a couple in Australia; 25 years later, he sets out to find his lost family.",17.085145,Lion,8,1699,7.439421064127719,2016
52,"['Drama', 'Mystery', 'Thriller']","Professional photographer L.B. ""Jeff"" Jeffries breaks his leg while getting an action shot at an auto race. Confined to his New York apartment, he spends his time looking out of the rear window observing the neighbors. He begins to suspect that a man across the courtyard may have murdered his wife. Jeff enlists the help of his high society fashion-consultant girlfriend Lisa Freemont and his visiting nurse Stella to investigate.",17.911314,Rear Window,8,1531,7.3914937047248985,1954
53,"['Drama', 'Comedy', 'War']","Insane General Jack D. Ripper initiates a nuclear strike on the Soviet Union. As soon as the actions of General ""Buck"" Turgidson are discovered, a war room full of politicians, generals and a Russian diplomat all frantically try to stop the nuclear strike. Near the end is a scene that is probably the most uniquely unforgettable performance of Slim Pickens in his movie career. Peter Sellers plays multiple roles in this film.",9.803980000000001,Dr. Strangelove or: How I Learned to Stop Worrying and Love the Bomb,8,1472,7.372657465784064,1964
54,"['Mystery', 'Drama']","Newspaper magnate, Charles Foster Kane is taken from his mother as a boy and made the ward of a rich industrialist. As a result, every well-meaning, tyrannical or self-destructive move he makes for the rest of his life appears in some way to be a reaction to that deeply wounding event.",15.811921,Citizen Kane,8,1244,7.287416644686785,1941
55,"['Mystery', 'Romance', 'Thriller']","A retired San Francisco detective suffering from acrophobia investigates the strange activities of an old friend's wife, all the while becoming dangerously obsessed with her.",18.20822,Vertigo,8,1162,7.250805219163174,1958
56,['Western'],This classic western masterpiece is an epic film about a widow whose land and life are in danger as the railroad is getting closer and closer to taking them over. A mysterious harmonica player joins forces with a desperado to protect the woman and her land.,15.589351,Once Upon a Time in the West,8,1160,7.249865200617582,1968
57,"['Drama', 'Crime']","A former Prohibition-era Jewish gangster returns to the Lower East Side of Manhattan over thirty years later, where he once again must confront the ghosts and regrets of his old life.",32.182851,Once Upon a Time in America,8,1104,7.222552099989874,1984
58,"['Drama', 'Family', 'Fantasy']","George Bailey has spent his entire life giving of himself to the people of Bedford Falls. He has always longed to travel but never had the opportunity in order to prevent rich skinflint Mr. Potter from taking over the entire town. All that prevents him from doing so is George's modest building and loan company, which was founded by his generous father. But on Christmas Eve, George's Uncle Billy loses the business's $8,000 while intending to deposit it in the bank. Potter finds the misplaced money, hides it from Billy, and George's troubles begin.",15.031588000000001,It's a Wonderful Life,8,1103,7.222046278324285,1946
59,"['Romance', 'Animation', 'Drama']","High schoolers Mitsuha and Taki are complete strangers living separate lives. But one night, they suddenly switch places. Mitsuha wakes up in Taki’s body, and he in hers. This bizarre occurrence continues to happen randomly, and the two must adjust their lives around each other.",34.461252,Your Name.,8,1030,7.183254870071329,2016
60,"['Animation', 'Drama', 'War']","In the latter part of World War II, a boy and his sister, orphaned when their mother is killed in the firebombing of Tokyo, are left to survive on their own in what remains of civilian life in Japan. The plot follows this boy and his sister as they do their best to survive in the Japanese countryside, battling hunger, prejudice, and pride in their own quiet, personal battle.",0.010902,Grave of the Fireflies,8,974,7.150770688767348,1988
61,"['Action', 'Drama']","A samurai answers a village's request for protection after he falls on hard times. The town needs protection from bandits, so the samurai gathers six others to help him teach the people how to defend themselves, and the villagers provide the soldiers with food. A giant battle occurs when 40 bandits attack the village.",15.01777,Seven Samurai,8,892,7.0982542456896125,1954
62,"['Drama', 'Comedy']",The Tramp struggles to live in modern industrial society with the help of a young homeless woman.,8.159556,Modern Times,8,881,7.09071112531135,1936
63,"['Comedy', 'Romance']","Two musicians witness a mob hit and struggle to find a way out of the city before they are found by the gangsters. Their only opportunity is to join an all-girl band as they leave on a tour. To make their getaway they must first disguise themselves as women, then keep their identities secret and deal with the problems this brings - such as an attractive bandmate and a very determined suitor.",11.845107,Some Like It Hot,8,835,7.057750299278506,1959
64,"['Drama', 'Romance']","A filmmaker recalls his childhood, when he fell in love with the movies at his village's theater and formed a deep friendship with the theater's projectionist.",14.177005,Cinema Paradiso,8,834,7.0570072001454465,1988
65,['Comedy'],Dictator Adenoid Hynkel tries to expand his empire while a poor Jewish barber tries to avoid persecution from Hynkel's regime.,9.241748,The Great Dictator,8,756,6.995197588054139,1940
66,"['Animation', 'Family', 'Romance']",An urban office worker finds that paper airplanes are instrumental in meeting a girl in ways he never expected.,7.198633,Paperman,8,734,6.976271515226392,2012
67,['Drama'],"A peculiar neighbor offers hope to a recent widow who is struggling to raise a teenager who is unpredictable and, sometimes, violent.",14.876085999999999,Mommy,8,734,6.976271515226392,2014
68,"['Action', 'Drama', 'War']","Drawn from interviews with survivors of Easy Company, as well as their journals and letters, Band of Brothers chronicles the experiences of these men from paratrooper training in Georgia through the end of the war. As an elite rifle company parachuting into Normandy early on D-Day morning, participants in the Battle of the Bulge, and witness to the horrors of war, the men of Easy knew extraordinary bravery and extraordinary fear - and became the stuff of legend. Based on Stephen E. Ambrose's acclaimed book of the same name.",7.903731,Band of Brothers,8,725,6.968321941142732,2001
69,"['Action', 'Adventure', 'Fantasy', 'Science Fiction']","In the 22nd century, a paraplegic Marine is dispatched to the moon Pandora on a unique mission, but becomes torn between following orders and protecting an alien civilization.",185.070892,Avatar,7,12114,6.939295914072714,2009
70,"['Science Fiction', 'Action', 'Adventure']","When an unexpected enemy emerges and threatens global safety and security, Nick Fury, director of the international peacekeeping agency known as S.H.I.E.L.D., finds himself in need of a team to pull the world back from the brink of disaster. Spanning the globe, a daring recruitment effort begins!",89.887648,The Avengers,7,12000,6.938739354172786,2012
71,"['Action', 'Adventure', 'Comedy']","Deadpool tells the origin story of former Special Forces operative turned mercenary Wade Wilson, who after being subjected to a rogue experiment that leaves him with accelerated healing powers, adopts the alter ego Deadpool. Armed with his new abilities and a dark, twisted sense of humor, Deadpool hunts down the man who nearly destroyed his life.",187.860492,Deadpool,7,11444,6.935871790687357,2016
72,"['Drama', 'Western']","With the help of a German bounty hunter, a freed slave sets out to rescue his wife from a brutal Mississippi plantation owner.",19.785025,Django Unchained,7,10297,6.929017345054928,2012
73,"['Action', 'Science Fiction', 'Adventure']","Light years from Earth, 26 years after being abducted, Peter Quill finds himself the prime target of a manhunt after discovering an orb wanted by Ronan the Accuser.",53.291601,Guardians of the Galaxy,7,10014,6.927094671686871,2014
74,"['Action', 'Adventure', 'Science Fiction', 'Thriller']","An apocalyptic story set in the furthest reaches of our planet, in a stark desert landscape where humanity is broken, and most everyone is crazed fighting for the necessities of life. Within this world exist two rebels on the run who just might be able to restore order. There's Max, a man of action and a man of few words, who seeks peace of mind following the loss of his wife and child in the aftermath of the chaos. And Furiosa, a woman of action and a woman who believes her path to survival may be achieved if she can make it across the desert back to her childhood homeland.",29.36178,Mad Max: Fury Road,7,9629,6.924305389027569,2015
75,"['Action', 'Crime', 'Drama', 'Thriller']","Following the death of District Attorney Harvey Dent, Batman assumes responsibility for Dent's crimes to protect the late attorney's reputation and is subsequently hunted by the Gotham City Police Department. Eight years later, Batman encounters the mysterious Selina Kyle and the villainous Bane, a new terrorist leader who overwhelms Gotham's finest. The Dark Knight resurfaces to protect a city that has branded him an enemy.",20.58258,The Dark Knight Rises,7,9263,6.92144839948277,2012
76,"['Action', 'Science Fiction']","Set in the 22nd century, The Matrix tells the story of a computer hacker who joins a group of underground insurgents fighting the vast and powerful computers who now rule the earth.",33.366332,The Matrix,7,9079,6.919929058108318,1999
77,"['Action', 'Science Fiction', 'Adventure']","After being held captive in an Afghan cave, billionaire engineer Tony Stark creates a unique weaponized suit of armor to fight evil.",22.073099,Iron Man,7,8951,6.918836987723434,2008
78,"['Romance', 'Drama', 'Music']",A boy growing up in Dublin during the 1980s escapes his strained family life by starting a band to impress the mysterious girl he likes.,10.672862,Sing Street,8,669,6.915943000711174,2016
79,"['Adventure', 'Fantasy', 'Action']","Bilbo Baggins, a hobbit enjoying his quiet life, is swept into an epic quest by Gandalf the Grey and thirteen dwarves who seek to reclaim their mountain home from Smaug, the dragon.",23.253089000000003,The Hobbit: An Unexpected Journey,7,8427,6.914037369347074,2012
80,"['Drama', 'Science Fiction']","In a futuristic city sharply divided between the working class and the city planners, the son of the city's mastermind falls in love with a working class prophet who predicts the coming of a savior to mediate their differences.",14.487867000000001,Metropolis,8,666,6.912986481622205,1927
81,"['Action', 'Adventure', 'Science Fiction', 'Fantasy']","Thirty years after defeating the Galactic Empire, Han Solo and his allies face a new threat from the evil Kylo Ren and his army of Stormtroopers.",31.626013,Star Wars: The Force Awakens,7,7993,6.909610196960297,2015
82,"['Drama', 'Romance', 'Thriller']","84 years later, a 101-year-old woman named Rose DeWitt Bukater tells the story to her granddaughter Lizzy Calvert, Brock Lovett, Lewis Bodine, Bobby Buell and Anatoly Mikailavich on the Keldysh about her life set in April 10th 1912, on a ship called Titanic when young Rose boards the departing ship with the upper-class passengers and her mother, Ruth DeWitt Bukater, and her fiancé, Caledon Hockley. Meanwhile, a drifter and artist named Jack Dawson and his best friend Fabrizio De Rossi win third-class tickets to the ship in a game. And she explains the whole story from departure until the death of Titanic on its first and last voyage April 15th, 1912 at 2:20 in the morning.",26.88907,Titanic,7,7770,6.907153233762119,1997
83,"['Action', 'Crime', 'Drama']","Driven by tragedy, billionaire Bruce Wayne dedicates his life to uncovering and defeating the corruption that plagues his home, Gotham City.  Unable to work within the system, he instead creates a new identity, a symbol of fear for the criminal underworld - The Batman.",28.505340999999998,Batman Begins,7,7511,6.9041265109860825,2005
84,"['Adventure', 'Action', 'Science Fiction']","Following the events of Age of Ultron, the collective governments of the world pass an act designed to regulate all superhuman activity. This polarizes opinion amongst the Avengers, causing two factions to side with Iron Man or Captain America, which causes an epic battle between former allies.",145.882135,Captain America: Civil War,7,7462,6.903531551391138,2016
85,"['Drama', 'Adventure', 'Science Fiction']","During a manned mission to Mars, Astronaut Mark Watney is presumed dead after a fierce storm and left behind by his crew. But Watney has survived and finds himself stranded and alone on the hostile planet. With only meager supplies, he must draw upon his ingenuity, wit and spirit to subsist and find a way to signal to Earth that he is alive.",25.629929999999998,The Martian,7,7442,6.903286583263639,2015
86,"['Adventure', 'Fantasy', 'Action']","Jack Sparrow, a freewheeling 17th-century pirate who roams the Caribbean Sea, butts heads with a rival pirate bent on pillaging the village of Port Royal. When the governor's daughter is kidnapped, Sparrow decides to help the girl's love save her. But their seafaring mission is hardly simple.",47.326665000000006,Pirates of the Caribbean: The Curse of the Black Pearl,7,7191,6.900102967840581,2003
87,"['Adventure', 'Fantasy', 'Family']","Harry Potter has lived under the stairs at his aunt and uncle's house his whole life. But on his 11th birthday, he learns he's a powerful wizard -- with a place waiting for him at the Hogwarts School of Witchcraft and Wizardry. As he learns to harness his newfound powers with the help of the school's kindly headmaster, Harry uncovers the truth about his parents' deaths -- and about the villain who's to blame.",38.187238,Harry Potter and the Philosopher's Stone,7,7188,6.900063648620365,2001
88,"['Animation', 'Comedy', 'Family', 'Adventure']","Carl Fredricksen spent his entire life dreaming of exploring the globe and experiencing life to its fullest. But at age 78, life seems to have passed him by, until a twist of fate (and a persistent 8-year old Wilderness Explorer named Russell) gives him a new lease on life.",19.330884,Up,7,7048,6.898193682141731,2009
89,"['Action', 'Adventure', 'Science Fiction']","When Tony Stark tries to jumpstart a dormant peacekeeping program, things go awry and Earth’s Mightiest Heroes are put to the ultimate test as the fate of the planet hangs in the balance. As the villainous Ultron emerges, it is up to The Avengers to stop him from enacting his terrible plans, and soon uneasy alliances and unexpected action pave the way for an epic and unique global adventure.",37.37942,Avengers: Age of Ultron,7,6908,6.896252401223703,2015
90,"['Crime', 'Drama', 'Comedy']","A New York stockbroker refuses to cooperate in a large securities fraud case involving corruption on Wall Street, corporate banking world and mob infiltration. Based on Jordan Belfort's autobiography.",16.382422000000002,The Wolf of Wall Street,7,6768,6.894235647012556,2013
91,"['Drama', 'Comedy', 'Animation', 'Family']","Growing up can be a bumpy road, and it's no exception for Riley, who is uprooted from her Midwest life when her father starts a new job in San Francisco. Like all of us, Riley is guided by her emotions - Joy, Fear, Anger, Disgust and Sadness. The emotions live in Headquarters, the control center inside Riley's mind, where they help advise her through everyday life. As Riley and her emotions struggle to adjust to a new life in San Francisco, turmoil ensues in Headquarters. Although Joy, Riley's main and most important emotion, tries to keep things positive, the emotions conflict on how best to navigate a new city, house and school.",23.985587,Inside Out,7,6737,6.893778431151085,2015
92,"['Adventure', 'Action', 'Science Fiction']","Katniss Everdeen has returned home safe after winning the 74th Annual Hunger Games along with fellow tribute Peeta Mellark. Winning means that they must turn around and leave their family and close friends, embarking on a ""Victor's Tour"" of the districts. Along the way Katniss senses that a rebellion is simmering, but the Capitol is still very much in control as President Snow prepares the 75th Annual Hunger Games (The Quarter Quell) - a competition that could change Panem forever.",25.309139000000002,The Hunger Games: Catching Fire,7,6656,6.892564898418113,2013
93,"['Drama', 'Action', 'Thriller', 'War']","In Nazi-occupied France during World War II, a group of Jewish-American soldiers known as ""The Basterds"" are chosen specifically to spread fear throughout the Third Reich by scalping and brutally killing Nazis. The Basterds, lead by Lt. Aldo Raine soon cross paths with a French-Jewish teenage girl who runs a movie theater in Paris which is targeted by the soldiers.",16.89564,Inglourious Basterds,7,6598,6.891678772722472,2009
94,"['Animation', 'Family']","Villainous Gru lives up to his reputation as a despicable, deplorable and downright unlikable guy when he hatches a plan to steal the moon from the sky. But he has a tough time staying on task after three orphans land in his care.",22.274502,Despicable Me,7,6595,6.891632540871308,2010
95,"['Drama', 'Thriller', 'Mystery']","World War II soldier-turned-U.S. Marshal Teddy Daniels investigates the disappearance of a patient from a hospital for the criminally insane, but his efforts are compromised by his troubling visions and also by a mysterious doctor.",15.813629,Shutter Island,7,6559,6.891074664633837,2010
96,"['Western', 'Drama', 'Adventure', 'Thriller']","In the 1820s, a frontiersman, Hugh Glass, sets out on a path of vengeance against those who left him for dead after a bear mauling.",23.501228,The Revenant,7,6558,6.891059086067567,2015
97,"['Animation', 'Family']","WALL·E is the last robot left on an Earth that has been overrun with garbage and all humans have fled to outer space. For 700 years he has continued to try and clean up the mess, but has developed some rather interesting human-like qualities. When a ship arrives with a sleek new type of robot, WALL·E thinks he's finally found a friend and stows away on the ship when it leaves.",16.088366,WALL·E,7,6439,6.889172869166948,2008
98,['Comedy'],"When three friends finally come to after a raucous night of bachelor-party revelry, they find a baby in the closet and a tiger in the bathroom. But they can't seem to locate their best friend, Doug – who's supposed to be tying the knot. Launching a frantic search for Doug, the trio perseveres through a nasty hangover to try to make it to the church on time.",23.947351,The Hangover,7,6324,6.887286938411427,2009
99,"['Action', 'Drama', 'Science Fiction']","In the near future, a weary Logan cares for an ailing Professor X in a hideout on the Mexican border. But Logan's attempts to hide from the world and his legacy are upended when a young mutant arrives, pursued by dark forces.",54.581997,Logan,7,6310,6.887052955187489,2017
15480,,"Cobb, a skilled thief who commits corporate espionage by infiltrating the subconscious of his targets is offered a chance to regain his old life as payment for a task considered to be impossible: ""inception"", the implantation of another person's idea into a target's subconscious.",29.108148999999997,Inception,8,14075,7.955099300425548,2010
12481,,"Batman raises the stakes in his war on crime. With the help of Lt. Jim Gordon and District Attorney Harvey Dent, Batman sets out to dismantle the remaining criminal organizations that plague the streets. The partnership proves to be effective, but they soon find themselves prey to a reign of chaos unleashed by a rising criminal mastermind known to the terrified citizens of Gotham as the Joker.",123.167259,The Dark Knight,8,12269,7.948609996731063,2008
4863,,"Young hobbit Frodo Baggins, after inheriting a mysterious ring from his uncle Bilbo, must leave his home in order to keep it from falling into the hands of its evil creator. Along the way, a fellowship is formed to protect the ringbearer and make sure that the ring arrives at its final destination: Mt. Doom, the only place where it can be destroyed.",32.070725,The Lord of the Rings: The Fellowship of the Ring,8,8892,7.929579062473745,2001
7000,,"Aragorn is revealed as the heir to the ancient kings as he, Gandalf and the other members of the broken fellowship struggle to save Gondor from Sauron's forces. Meanwhile, Frodo and Sam bring the ring closer to the heart of Mordor, the dark lord's realm.",29.324358,The Lord of the Rings: The Return of the King,8,8226,7.924030728512336,2003
5814,,"Frodo and Sam are trekking to Mordor to destroy the One Ring of Power while Gimli, Legolas and Aragorn search for the orc-captured Merry and Pippin. All along, nefarious wizard Saruman awaits the Fellowship members at the Orthanc Tower in Isengard.",29.423537,The Lord of the Rings: The Two Towers,8,7641,7.918382311964361,2002
256,,Princess Leia is captured and held hostage by the evil Imperial forces in their effort to take over the galactic Empire. Venturesome Luke Skywalker and dashing captain Han Solo team together with the loveable robot duo R2-D2 and C-3PO to rescue the beautiful princess and restore peace and justice in the Empire.,42.149696999999996,Star Wars,8,6778,7.908327270990385,1977
1154,,"The epic saga continues as Luke Skywalker, in hopes of defeating the evil Galactic Empire, learns the ways of the Jedi from aging master Yoda. But Darth Vader is more determined than ever to capture Luke. Meanwhile, rebel leader Princess Leia, cocky Han Solo, Chewbacca, and droids C-3PO and R2-D2 are thrown into various stages of capture, betrayal and despair.",19.470959,The Empire Strikes Back,8,5998,7.896840659858346,1980
4135,,"After getting a green card in exchange for assassinating a Cuban government official, Tony Montana stakes a claim on the drug trade in Miami. Viciously murdering anyone who stands in his way, Tony eventually becomes the biggest drug lord in the state, controlling nearly all the cocaine that comes through Miami. But increased pressure from the police, wars with Colombian drug cartels and his own drug-fueled paranoia serve to fuel the flames of his eventual downfall.",11.299673,Scarface,8,3017,7.8020461921521544,1983
9430,,"With no clue how he came to be imprisoned, drugged and tortured for 15 years, a desperate businessman seeks revenge on his captors.",10.616859,Oldboy,8,2000,7.71164901984742,2003
1910,,"A samurai answers a village's request for protection after he falls on hard times. The town needs protection from bandits, so the samurai gathers six others to help him teach the people how to defend themselves, and the villagers provide the soldiers with food. A giant battle occurs when 40 bandits attack the village.",15.01777,Seven Samurai,8,892,7.4261453461875675,1954
43190,,"Drawn from interviews with survivors of Easy Company, as well as their journals and letters, Band of Brothers chronicles the experiences of these men from paratrooper training in Georgia through the end of the war. As an elite rifle company parachuting into Normandy early on D-Day morning, participants in the Battle of the Bulge, and witness to the horrors of war, the men of Easy knew extraordinary bravery and extraordinary fear - and became the stuff of legend. Based on Stephen E. Ambrose's acclaimed book of the same name.",7.903731,Band of Brothers,8,725,7.325484953154978,2001
1215,,"In this classic German thriller, Hans Beckert, a serial killer who preys on children, becomes the focus of a massive Berlin police manhunt. Beckert's heinous crimes are so repellant and disruptive to city life that he is even targeted by others in the seedy underworld network. With both cops and criminals in pursuit, the murderer soon realizes that people are on his trail, sending him into a tense, panicked attempt to escape justice.",12.752421,M,8,465,7.07207275435474,1931
14551,,"In the 22nd century, a paraplegic Marine is dispatched to the moon Pandora on a unique mission, but becomes torn between following orders and protecting an alien civilization.",185.070892,Avatar,7,12114,6.966362501541701,2009
17818,,"When an unexpected enemy emerges and threatens global safety and security, Nick Fury, director of the international peacekeeping agency known as S.H.I.E.L.D., finds himself in need of a team to pull the world back from the brink of disaster. Spanning the globe, a daring recruitment effort begins!",89.887648,The Avengers,7,12000,6.966048879300502,2012
26564,,"Deadpool tells the origin story of former Special Forces operative turned mercenary Wade Wilson, who after being subjected to a rogue experiment that leaves him with accelerated healing powers, adopts the alter ego Deadpool. Armed with his new abilities and a dark, twisted sense of humor, Deadpool hunts down the man who nearly destroyed his life.",187.860492,Deadpool,7,11444,6.964431473573603,2016
23753,,"Light years from Earth, 26 years after being abducted, Peter Quill finds himself the prime target of a manhunt after discovering an orb wanted by Ronan the Accuser.",53.291601,Guardians of the Galaxy,7,10014,6.959464893702424,2014
26553,,"An apocalyptic story set in the furthest reaches of our planet, in a stark desert landscape where humanity is broken, and most everyone is crazed fighting for the necessities of life. Within this world exist two rebels on the run who just might be able to restore order. There's Max, a man of action and a man of few words, who seeks peace of mind following the loss of his wife and child in the aftermath of the chaos. And Furiosa, a woman of action and a woman who believes her path to survival may be achieved if she can make it across the desert back to her childhood homeland.",29.36178,Mad Max: Fury Road,7,9629,6.9578814991453175,2015
18252,,"Following the death of District Attorney Harvey Dent, Batman assumes responsibility for Dent's crimes to protect the late attorney's reputation and is subsequently hunted by the Gotham City Police Department. Eight years later, Batman encounters the mysterious Selina Kyle and the villainous Bane, a new terrorist leader who overwhelms Gotham's finest. The Dark Knight resurfaces to protect a city that has branded him an enemy.",20.58258,The Dark Knight Rises,7,9263,6.9562571271648945,2012
2458,,"Set in the 22nd century, The Matrix tells the story of a computer hacker who joins a group of underground insurgents fighting the vast and powerful computers who now rule the earth.",33.366332,The Matrix,7,9079,6.955392239419647,1999
12588,,"After being held captive in an Afghan cave, billionaire engineer Tony Stark creates a unique weaponized suit of armor to fight evil.",22.073099,Iron Man,7,8951,6.954770125424377,2008
19971,,"Bilbo Baggins, a hobbit enjoying his quiet life, is swept into an epic quest by Gandalf the Grey and thirteen dwarves who seek to reclaim their mountain home from Smaug, the dragon.",23.253089000000003,The Hobbit: An Unexpected Journey,7,8427,6.952031470773939,2012
26555,,"Thirty years after defeating the Galactic Empire, Han Solo and his allies face a new threat from the evil Kylo Ren and his army of Stormtroopers.",31.626013,Star Wars: The Force Awakens,7,7993,6.949498841205492,2015
10122,,"Driven by tragedy, billionaire Bruce Wayne dedicates his life to uncovering and defeating the corruption that plagues his home, Gotham City.  Unable to work within the system, he instead creates a new identity, a symbol of fear for the criminal underworld - The Batman.",28.505340999999998,Batman Begins,7,7511,6.946353144481,2005
26567,,"Following the events of Age of Ultron, the collective governments of the world pass an act designed to regulate all superhuman activity. This polarizes opinion amongst the Avengers, causing two factions to side with Iron Man or Captain America, which causes an epic battle between former allies.",145.882135,Captain America: Civil War,7,7462,6.946011269227173,2016
6390,,"Jack Sparrow, a freewheeling 17th-century pirate who roams the Caribbean Sea, butts heads with a rival pirate bent on pillaging the village of Port Royal. When the governor's daughter is kidnapped, Sparrow decides to help the girl's love save her. But their seafaring mission is hardly simple.",47.326665000000006,Pirates of the Caribbean: The Curse of the Black Pearl,7,7191,6.94403892527702,2003
26558,,"When Tony Stark tries to jumpstart a dormant peacekeeping program, things go awry and Earth’s Mightiest Heroes are put to the ultimate test as the fate of the planet hangs in the balance. As the villainous Ultron emerges, it is up to The Avengers to stop him from enacting his terrible plans, and soon uneasy alliances and unexpected action pave the way for an epic and unique global adventure.",37.37942,Avengers: Age of Ultron,7,6908,6.941819321469534,2015
22058,,"Katniss Everdeen has returned home safe after winning the 74th Annual Hunger Games along with fellow tribute Peeta Mellark. Winning means that they must turn around and leave their family and close friends, embarking on a ""Victor's Tour"" of the districts. Along the way Katniss senses that a rebellion is simmering, but the Capitol is still very much in control as President Snow prepares the 75th Annual Hunger Games (The Quarter Quell) - a competition that could change Panem forever.",25.309139000000002,The Hunger Games: Catching Fire,7,6656,6.939689229288063,2013
13605,,"In Nazi-occupied France during World War II, a group of Jewish-American soldiers known as ""The Basterds"" are chosen specifically to spread fear throughout the Third Reich by scalping and brutally killing Nazis. The Basterds, lead by Lt. Aldo Raine soon cross paths with a French-Jewish teenage girl who runs a movie theater in Paris which is targeted by the soldiers.",16.89564,Inglourious Basterds,7,6598,6.9391767019510775,2009
42170,,"In the near future, a weary Logan cares for an ailing Professor X in a hideout on the Mexican border. But Logan's attempts to hide from the world and his legacy are upended when a young mutant arrives, pursued by dark forces.",54.581997,Logan,7,6310,6.936497036071501,2017
24455,,"The special bond that develops between plus-sized inflatable robot Baymax, and prodigy Hiro Hamada, who team up with a group of friends to form a band of high-tech heroes.",213.84990699999997,Big Hero 6,7,6289,6.9362923779975905,2014
23359,,The ultimate X-Men ensemble fights a war for the survival of the species across two time periods as they join forces with their younger selves in an epic battle that must change the past – to save our future.,26.058586,X-Men: Days of Future Past,7,6155,6.934954748027859,2014
25534,,The story of a super-secret spy organization that recruits an unrefined but promising street kid into the agency's ultra-competitive training program just as a global threat emerges from a twisted tech genius.,28.224211999999998,Kingsman: The Secret Service,7,6069,6.934066271654641,2015
26562,,"Armed with the astonishing ability to shrink in scale but increase in strength, master thief Scott Lang must embrace his inner-hero and help his mentor, Doctor Hank Pym, protect the secret behind his spectacular Ant-Man suit from a new generation of towering threats. Against seemingly insurmountable obstacles, Pym and Lang must plan and pull off a heist that will save the world.",26.882388,Ant-Man,7,6029,6.933644703870844,2015
19735,,"The story of an Indian boy named Pi, a zookeeper's son who finds himself in the company of a hyena, zebra, orangutan, and a Bengal tiger after a shipwreck sets them adrift in the Pacific Ocean.",14.045042,Life of Pi,7,5912,6.932380083180817,2012
14557,,"Eccentric consulting detective, Sherlock Holmes and Doctor John Watson battle to bring down a new nemesis and unravel a deadly plot that could destroy England.",15.68604,Sherlock Holmes,7,5883,6.932059140211815,2009
23053,,"After the cataclysmic events in New York with The Avengers, Steve Rogers, aka Captain America is living quietly in Washington, D.C. and trying to adjust to the modern world. But when a S.H.I.E.L.D. colleague comes under attack, Steve becomes embroiled in a web of intrigue that threatens to put the world at risk. Joining forces with the Black Widow, Captain America struggles to expose the ever-widening conspiracy while fighting off professional assassins sent to silence him at every turn. When the full scope of the villainous plot is revealed, Captain America and the Black Widow enlist the help of a new ally, the Falcon. However, they soon find themselves up against an unexpected and formidable enemy—the Winter Soldier.",18.717704,Captain America: The Winter Soldier,7,5881,6.932036893877948,2014
26568,,"After his career is destroyed, a brilliant but arrogant surgeon gets a new lease on life when a sorcerer takes him under his wing and trains him to defend the world against evil.",43.847654,Doctor Strange,7,5880,6.9320257652469195,2016
3456,,"In the year 180, the death of emperor Marcus Aurelius throws the Roman Empire into chaos. Maximus is one of the Roman army's most capable and trusted generals and a key advisor to the emperor. As Marcus' devious son Commodus ascends to the throne, Maximus is set to be executed. He escapes, but is captured by slave traders. Renamed Spaniard and forced to become a gladiator, Maximus must battle to the death with other men for the amusement of paying audiences. His battle skills serve him well, and he becomes one of the most famous and admired men to fight in the Colosseum. Determined to avenge himself against the man who took away his freedom and laid waste to his family, Maximus believes that he can use his fame and skill in the ring to avenge the loss of his family and former glory. As the gladiator begins to challenge his rule, Commodus decides to put his own fighting mettle to the test by squaring off with Maximus in a battle to the death.",23.186667,Gladiator,7,5566,6.928341365886916,2000
24121,,"Set in a post-apocalyptic world, young Thomas is deposited in a community of boys after his memory is erased, soon learning they're all trapped in a maze that will require him to join forces with fellow ""runners"" for a shot at escape.",76.93789,The Maze Runner,7,5540,6.928018302191103,2014
24351,,Ex-lunatic John Wick comes off his meds to track down the bounders that killed his dog and made off with his self-respect,183.870374,John Wick,7,5499,6.927502894604693,2014
11008,,"Captain Jack Sparrow works his way out of a blood debt with the ghostly Davey Jones, he also attempts to avoid eternal damnation.",29.455314,Pirates of the Caribbean: Dead Man's Chest,7,5380,6.925964268135864,2006
8234,,"Bob Parr has given up his superhero days to log in time as an insurance adjuster and raise his three children with his formerly heroic wife in suburbia. But when he receives a mysterious assignment, it's time to get back into costume.",22.220214000000002,The Incredibles,7,5290,6.924756518366011,2004
17217,,"Before Charles Xavier and Erik Lensherr took the names Professor X and Magneto, they were two young men discovering their powers for the first time. Before they were arch-enemies, they were closest of friends, working together with other mutants (some familiar, some new), to stop the greatest threat the world has ever known.",0.738633,X-Men: First Class,7,5252,6.92423466653,2011
41489,,A rogue band of resistance fighters unite for a mission to steal the Death Star plans and bring a new hope to the galaxy.,36.567575,Rogue One: A Star Wars Story,7,5111,6.92223339040496,2016
11662,,"Based on Frank Miller's graphic novel, ""300"" is very loosely based the 480 B.C. Battle of Thermopylae, where the King of Sparta led his army against the advancing Persians; the battle is said to have inspired all of Greece to band together against the Persians, and helped usher in the world's first democracy.",18.108407999999997,300,7,5092,6.92195560290864,2006
6725,,"An assassin is shot at the altar by her ruthless employer, Bill and other members of their assassination circle – but 'The Bride' lives to plot her vengeance. Setting out for some payback, she makes a death list and hunts down those who wronged her, saving Bill for last.",25.261865,Kill Bill: Vol. 1,7,5091,6.921940927530053,2003
33356,,An Amazon princess comes to the world of Man to become the greatest of the female superheroes.,294.337037,Wonder Woman,7,5025,6.920959996506355,2017
23465,,"Major Bill Cage is an officer who has never seen a day of combat when he is unceremoniously demoted and dropped into combat. Cage is killed within minutes, managing to take an alpha alien down with him. He awakens back at the beginning of the same day and is forced to fight and die again... and again - as physical contact with the alien has thrown him into a time loop.",31.982986,Edge of Tomorrow,7,4979,6.920261609022426,2014
25390,,"Immediately after the events of The Desolation of Smaug, Bilbo and the dwarves try to defend Erebor's mountain of treasure from others who claim it: the men of the ruined Laketown and the elves of Mirkwood. Meanwhile an army of Orcs led by Azog the Defiler is marching on Erebor, fueled by the rise of the dark lord Sauron. Dwarves, elves and men must unite, and the hope for Middle-Earth falls into Bilbo's hands.",31.718977000000002,The Hobbit: The Battle of the Five Armies,7,4884,6.9187794972953105,2014
26566,,The Guardians must fight to keep their newfound family together as they unravel the mysteries of Peter Quill's true parentage.,185.33099199999998,Guardians of the Galaxy Vol. 2,7,4858,6.918364214639227,2017
1167,,"As Rebel leaders map their strategy for an all-out attack on the Emperor's newer, bigger Death Star. Han Solo remains frozen in the cavernous desert fortress of Jabba the Hutt, the most loathsome outlaw in the universe, who is also keeping Princess Leia as a slave girl. Now a master of the Force, Luke Skywalker rescues his friends, but he cannot become a true Jedi Knight until he wages his own crucial battle against Darth Vader, who has sworn to win Luke over to the dark side of the Force.",14.586087,Return of the Jedi,7,4763,6.916810041913648,1983
15017,,"Dave Lizewski is an unnoticed high school student and comic book fan who one day decides to become a super-hero, even though he has no powers, training or meaningful reason to do so.",17.26045,Kick-Ass,7,4747,6.916542445220935,2010
23437,,"The untold story of Disney's most iconic villain from the 1959 classic 'Sleeping Beauty'. A beautiful, pure-hearted young woman, Maleficent has an idyllic life growing up in a peaceable forest kingdom, until one day when an invading army threatens the harmony of the land.  Maleficent rises to be the land's fiercest protector, but she ultimately suffers a ruthless betrayal – an act that begins to turn her heart into stone. Bent on revenge, Maleficent faces an epic battle with the invading King's successor and, as a result, places a curse upon his newborn infant Aurora. As the child grows, Maleficent realizes that Aurora holds the key to peace in the kingdom - and to Maleficent's true happiness as well.",19.467404000000002,Maleficent,7,4607,6.91412541236669,2014
24241,,"U.S. Navy SEAL Chris Kyle takes his sole mission—protect his comrades—to heart and becomes one of the most lethal snipers in American history. His pinpoint accuracy not only saves countless lives but also makes him a prime target of insurgents. Despite grave danger and his struggle to be a good husband and father to his family back in the States, Kyle serves four tours of duty in Iraq. However, when he finally returns home, he finds that he cannot leave the war behind.",19.228561,American Sniper,7,4600,6.914000880382676,2014
13643,,"The fate of the galaxy rests in the hands of bitter rivals. One, James Kirk, is a delinquent, thrill-seeking Iowa farm boy. The other, Spock, a Vulcan, was raised in a logic-based society that rejects all emotion. As fiery instinct clashes with calm reason, their unlikely but powerful partnership is the only thing capable of leading their crew through unimaginable danger, boldly going where no one has gone before. The human adventure has begun again.",15.362632000000001,Star Trek,7,4574,6.913535153695795,2009
1171,,"During its return to the earth, commercial spaceship Nostromo intercepts a distress signal from a distant planet. When a three-member team of the crew discovers a chamber containing thousands of eggs on the planet, a creature inside one of the eggs attacks an explorer. The entire crew is unaware of the impending nightmare set to descend upon them when the alien parasite planted inside its unfortunate host is birthed.",23.37742,Alien,7,4564,6.9133546820949885,1979
10839,,"In a world in which Great Britain has become a fascist state, a masked vigilante known only as 'V' conducts guerrilla warfare against the oppressive British government. When 'V' rescues a young woman from the secret police, he finds in her an ally with whom he can continue his fight to free the people of Britain.",20.214422,V for Vendetta,7,4562,6.913318497332706,2006
23692,,"A group of scientists in San Francisco struggle to stay alive in the aftermath of a plague that is wiping out humanity, while Caesar tries to maintain dominance over his community of intelligent apes.",75.385211,Dawn of the Planet of the Apes,7,4511,6.9123854644107166,2014
20922,,"When the crew of the Enterprise is called back home, they find an unstoppable force of terror from within their own organization has detonated the fleet and everything it stands for, leaving our world in a state of crisis.  With a personal score to settle, Captain Kirk leads a manhunt to a war-zone world to capture a one man weapon of mass destruction. As our heroes are propelled into an epic chess game of life and death, love will be challenged, friendships will be torn apart, and sacrifices must be made for the only family Kirk has left: his crew.",15.78129,Star Trek Into Darkness,7,4479,6.911789706792575,2013
17588,,"Scientist Will Rodman is determined to find a cure for Alzheimer's, the disease which has slowly consumed his father. Will feels certain he is close to a breakthrough and tests his latest serum on apes, noticing dramatic increases in intelligence and brain activity in the primate subjects – especially Caesar, his pet chimpanzee.",41.613762,Rise of the Planet of the Apes,7,4452,6.911280697930391,2011
12595,,"While vacationing with a friend in Paris, an American girl is kidnapped by a gang of human traffickers intent on selling her into forced prostitution. Working against the clock, her ex-spy father must pull out all the stops to save her. But with his best years possibly behind him, the job may be more than he can handle.",16.367481,Taken,7,4444,6.9111287504203975,2008
582,,"Nearly 10 years have passed since Sarah Connor was targeted for termination by a cyborg from the future. Now her son, John, the future leader of the resistance, is the target for a newer, more deadly terminator. Once again, the resistance has managed to send a protector back to attempt to save John and his mother Sarah.",22.661695,Terminator 2: Judgment Day,7,4274,6.907772175303806,1991
28830,,Deckard Shaw seeks revenge against Dominic Toretto and his family for his comatose brother.,27.275686999999998,Furious 7,7,4253,6.907339862200466,2015
1195,,"In the post-apocalyptic future, reigning tyrannical supercomputers teleport a cyborg assassin known as the ""Terminator"" back to 1984 to kill Sarah Connor, whose unborn son is destined to lead insurgents against 21st century mechanical hegemony. Meanwhile, the human-resistance movement dispatches a lone warrior to safeguard Sarah. Can he stop the virtually indestructible killing machine?",19.293561999999998,The Terminator,7,4208,6.906399691018409,1984
10069,,"Years after the onset of the Clone Wars, the noble Jedi Knights lead a massive clone army into a galaxy-wide battle against the Separatists. When the sinister Sith unveil a thousand-year-old plot to rule the galaxy, the Republic crumbles and from its ashes rises the evil Galactic Empire. Jedi hero Anakin Skywalker is seduced by the dark side of the Force to become the Emperor's new apprentice – Darth Vader. The Jedi are decimated, as Obi-Wan Kenobi and Jedi Master Yoda are forced into hiding. The only hope for the galaxy are Anakin's own offspring – the twin children born in secrecy who will grow up to become heroes.",13.165420999999998,Star Wars: Episode III - Revenge of the Sith,7,4200,6.906230548480635,2005
7271,,"The Bride unwaveringly continues on her roaring rampage of revenge against the band of assassins who had tried to kill her and her unborn child. She visits each of her former associates one-by-one, checking off the victims on her Death List Five until there's nothing left to do … but kill Bill.",21.533072,Kill Bill: Vol. 2,7,4061,6.903190949184641,2004
24366,,"Last months of World War II in April 1945. As the Allies make their final push in the European Theater, a battle-hardened U.S. Army sergeant in the 2nd Armored Division named Wardaddy commands a Sherman tank called ""Fury"" and its five-man crew on a deadly mission behind enemy lines. Outnumbered and outgunned, Wardaddy and his men face overwhelming odds in their heroic attempts to strike at the heart of Nazi Germany.",36.713807,Fury,7,4028,6.9024401475073605,2014
1007,,"NYPD cop, John McClane's plan to reconcile with his estranged wife is thrown for a serious loop when minutes after he arrives at her office, the entire building is overtaken by a group of terrorists. With little help from the LAPD, wisecracking McClane sets out to single-handedly rescue the hostages and bring the bad guys down.",16.640522,Die Hard,7,4005,6.901909937182027,1988
18258,,"There is a new criminal mastermind at large (Professor Moriarty) and not only is he Holmes’ intellectual equal, but his capacity for evil and lack of conscience may give him an advantage over the  detective.",18.695329,Sherlock Holmes: A Game of Shadows,7,3971,6.901115505925656,2011
1460,,"In 2257, a taxi driver is unintentionally given the task of saving a young girl who is part of the key that will ensure the survival of humanity.",24.30526,The Fifth Element,7,3962,6.900903056695718,1997
1156,,"When Dr. Indiana Jones – the tweed-suited professor who just happens to be a celebrated archaeologist – is hired by the government to locate the legendary Ark of the Covenant, he finds himself up against the entire Nazi regime.",19.901576000000002,Raiders of the Lost Ark,7,3949,6.900594568947018,1981
11404,,"Le Chiffre, a banker to the world's terrorists, is scheduled to participate in a high-stakes poker game in Montenegro, where he intends to use his winnings to establish his financial grip on the terrorist market. M sends Bond – on his maiden mission as a 00 Agent – to attend this game and prevent Le Chiffre from winning. With the help of Vesper Lynd and Felix Leiter, Bond enters the most important poker game in his already dangerous career.",23.065078,Casino Royale,7,3930,6.900140231570753,2006
17439,,A Hollywood stunt performer who moonlights as a wheelman for criminals discovers that a contract has been put on him after a heist gone wrong.,15.388875,Drive,7,3832,6.897729259223512,2011
5284,,"Wounded to the brink of death and suffering from amnesia, Jason Bourne is rescued at sea by a fisherman. With nothing to go on but a Swiss bank account number, he starts to reconstruct his life, but finds that many people he encounters want him dead. However, Bourne realizes that he has the combat and mental skills of a world-class spy – but who does he work for?",21.040126,The Bourne Identity,7,3640,6.892651491356769,2002
108,,"Enraged at the slaughter of Murron, his new bride and childhood love, Scottish warrior William Wallace slays a platoon of the local English lord's soldiers. This leads the village to revolt and, eventually, the entire country to rise up against English rule.",20.755149,Braveheart,7,3404,6.885674377838697,1995
23553,,"After making their way through high school (twice), big changes are in store for officers Schmidt and Jenko when they go deep undercover at a local college. But when Jenko meets a kindred spirit on the football team, and Schmidt infiltrates the bohemian art major scene, they begin to question their partnership. Now they don't have to just crack the case - they have to figure out if they can have a mature relationship. If these two overgrown adolescents can grow from freshmen into real men, college might be the best thing that ever happened to them.",10.901496,22 Jump Street,7,3375,6.884753945572993,2014
1158,,"When Ripley's lifepod is found by a salvage crew over 50 years later, she finds that terra-formers are on the very planet they found the alien species. When the company sends a family of colonists out to investigate her story, all contact is lost with the planet and colonists. They enlist Ripley and the colonial marines to return and search for answers.",21.761179000000002,Aliens,7,3282,6.881699590958009,1986
23472,,"Ethan and team take on their most impossible mission yet, eradicating the Syndicate - an International rogue organization as highly skilled as they are, committed to destroying the IMF.",17.836882,Mission: Impossible - Rogue Nation,7,3274,6.881429271119006,2015
1246,,"When Dr. Henry Jones Sr. suddenly goes missing while pursuing the Holy Grail, eminent archaeologist Indiana must team up with Marcus Brody, Sallah and Elsa Schneider to follow in his father's footsteps and stop the Nazis from recovering the power of eternal life.",14.788986999999999,Indiana Jones and the Last Crusade,7,3221,6.879606719638984,1989
23557,,"The thrilling second chapter of the epic How To Train Your Dragon trilogy brings back the fantastical world of Hiccup and Toothless five years later. While Astrid, Snotlout and the rest of the gang are challenging each other to dragon races (the island's new favorite contact sport), the now inseparable pair journey through the skies, charting unmapped territories and exploring new worlds. When one of their adventures leads to the discovery of a secret ice cave that is home to hundreds of new wild dragons and the mysterious Dragon Rider, the two friends find themselves at the center of a battle to protect the peace.",12.256689,How to Train Your Dragon 2,7,3163,6.8775469239837745,2014
23555,,"In The Equalizer, Denzel Washington plays McCall, a man who believes he has put his mysterious past behind him and dedicated himself to beginning a new, quiet life. But when McCall meets Teri (Chloë Grace Moretz), a young girl under the control of ultra-violent Russian gangsters, he can’t stand idly by – he has to help her. Armed with hidden skills that allow him to serve vengeance against anyone who would brutalize the helpless, McCall comes out of his self-imposed retirement and finds his desire for justice reawakened. If someone has a problem, if the odds are stacked against them, if they have nowhere else to turn, McCall will help. He is The Equalizer.",17.618057,The Equalizer,7,2997,6.871242055691194,2014
11965,,"Bourne is brought out of hiding once again by reporter Simon Ross who is trying to unveil Operation Blackbriar, an upgrade to Project Treadstone, in a series of newspaper columns. Information from the reporter stirs a new set of memories, and Bourne must finally uncover his dark past while dodging The Company's best efforts to eradicate him.",18.173269,The Bourne Ultimatum,7,2938,6.8688418665269735,2007
12815,,"In a gritty and alternate 1985 the glory days of costumed vigilantes have been brought to a close by a government crackdown, but after one of the masked veterans is brutally murdered, an investigation into the killer is initiated. The reunited heroes set out to prevent their own destruction, but in doing so uncover a sinister plot that puts all of humanity in grave danger.",16.551503,Watchmen,7,2892,6.866907535836616,2009
7938,,"When a CIA operation to purchase classified Russian documents is blown by a rival agent, who then shows up in the sleepy seaside village where Bourne and Marie have been living. The pair run for their lives and Bourne, who promised retaliation should anyone from his former life attempt contact, is forced to once again take up his life as a trained assassin to survive.",20.40426,The Bourne Supremacy,7,2873,6.866091820987145,2004
2006,,"After arriving in India, Indiana Jones is asked by a desperate village to find a mystical stone. He agrees – and stumbles upon a secret cult plotting a terrible plan in the catacombs of an ancient palace.",15.802306,Indiana Jones and the Temple of Doom,7,2841,6.864695148270464,1984
9888,,"Welcome to Sin City. This town beckons to the tough, the corrupt, the brokenhearted. Some call it dark… Hard-boiled. Then there are those who call it home — Crooked cops, sexy dames, desperate vigilantes. Some are seeking revenge, others lust after redemption, and then there are those hoping for a little of both. A universe of unlikely and reluctant heroes still trying to do the right thing in a city that refuses to care.",15.010525,Sin City,7,2755,6.860793061702921,2005
44678,,"The miraculous evacuation of Allied soldiers from Belgium, Britain, Canada and France, who were cut off and surrounded by the German army from the beaches and harbor of Dunkirk, France, between May 26th and June 4th 1940, during the Battle of France in World War II.",30.938854,Dunkirk,7,2712,6.858756383746856,2017
5311,,"John Anderton is a top 'Precrime' cop in the late-21st century, when technology can predict crimes before they're committed. But Anderton becomes the quarry when another investigator targets him for a murder charge.",20.666063,Minority Report,7,2663,6.856361637221224,2002
21792,,"The true story of Captain Richard Phillips and the 2009 hijacking by Somali pirates of the US-flagged MV Maersk Alabama, the first American cargo ship to be hijacked in two hundred years.",13.776067999999999,Captain Phillips,7,2495,6.847496537407909,2013
17052,,"Former cop Brian O'Conner partners with ex-con Dom Toretto on the opposite side of the law. Since Brian and Mia Toretto broke Dom out of custody, they've blown across many borders to elude authorities. Now backed into a corner in Rio de Janeiro, they must pull one last job in order to gain their freedom.",1.420361,Fast Five,7,2491,6.847272106712974,2011
31954,,"A young female FBI agent joins a secret CIA operation to take down a Mexican cartel boss, a job that ends up pushing her ethical and moral values to the limit.",19.511221,Sicario,7,2465,6.845797050445273,2015
38501,,A private eye investigates the apparent suicide of a fading porn star in 1970s Los Angeles and uncovers a conspiracy.,16.075615,The Nice Guys,7,2382,6.840891492938502,2016
11437,,"An ex-mercenary turned smuggler. A Mende fisherman. Amid the explosive civil war overtaking 1999 Sierra Leone, these men join for two desperate missions: recovering a rare pink diamond of immense value and rescuing the fisherman's son conscripted as a child soldier into the brutal rebel forces ripping a swath of torture and bloodshed countrywide.",12.477872,Blood Diamond,7,2344,6.8385398765684045,2006
21611,,A biographical drama centered on the rivalry between Formula 1 drivers James Hunt and Niki Lauda during the 1976 Formula One motor-racing season.,10.63552,Rush,7,2310,6.836376086262075,2013
31444,,"At the height of the Cold War, a mysterious criminal organization plans to use nuclear weapons and technology to upset the fragile balance of power between the United States and Soviet Union. CIA agent Napoleon Solo and KGB agent Illya Kuryakin are forced to put aside their hostilities and work together to stop the evildoers in their tracks. The duo's only lead is the daughter of a missing German scientist, whom they must find soon to prevent a global catastrophe.",14.656875,The Man from U.N.C.L.E.,7,2306,6.83611770381603,2015
11617,,"Top London cop, PC Nicholas Angel is good. Too good.  To stop the rest of his team from looking bad, he is reassigned to the quiet town of Sandford, paired with simple country cop, and everything seems quiet until two actors are found decapitated. It is addressed as an accident, but Angel isn't going to accept that, especially when more and more people turn up dead.",13.535195000000002,Hot Fuzz,7,2252,6.832547931526673,2007
15609,,"Scott Pilgrim is a film adaptation of the critically acclaimed, award-winning series of graphic novels of the same name by Canadian cartoonist Bryan Lee O’Malley. Scott Pilgrim is a 23 year old Canadian slacker and wannabe rockstar who falls in love with an American delivery girl, Ramona V. Flowers, and must defeat her seven ""evil exes"" to be able to date her.",13.793301000000001,Scott Pilgrim vs. the World,7,2185,6.827896581601211,2010
585,,"The Dark Knight of Gotham City begins his war on crime with his first major enemy being the clownishly homicidal Joker, who has seized control of Gotham's underworld.",19.10673,Batman,7,2145,6.824994392888513,1989
3406,,"Dutch and his group of commandos are hired by the CIA to rescue downed airmen from guerillas in a Central American jungle. The mission goes well but as they return they find that something is hunting them. Nearly invisible, it blends in with the forest, taking trophies from the bodies of its victims as it goes along. Occasionally seeing through its eyes, the audience sees it is an intelligent alien hunter, hunting them for sport, killing them off one at a time.",18.495694,Predator,7,2129,6.823805925023322,1987
11353,,"In 2027, in a chaotic world in which humans can no longer procreate, a former activist agrees to help transport a miraculously pregnant woman to a sanctuary at sea, where her child's birth may help scientists save the future of humankind.",14.114606,Children of Men,7,2120,6.82313029106802,2006
